"","x"
"1","eid"
"2","weight_method_f21_0_0"
"3","weight_method_f21_1_0"
"4","weight_method_f21_2_0"
"5","weight_method_f21_3_0"
"6","sex_f31_0_0"
"7","year_of_birth_f34_0_0"
"8","height_measure_device_id_f39_0_0"
"9","height_measure_device_id_f39_1_0"
"10","height_measure_device_id_f39_2_0"
"11","height_measure_device_id_f39_3_0"
"12","manual_scales_device_id_f40_0_0"
"13","manual_scales_device_id_f40_1_0"
"14","manual_scales_device_id_f40_2_0"
"15","manual_scales_device_id_f40_3_0"
"16","seating_box_device_id_f41_0_0"
"17","seating_box_device_id_f41_1_0"
"18","seating_box_device_id_f41_2_0"
"19","seating_box_device_id_f41_3_0"
"20","tape_measure_device_id_f44_0_0"
"21","tape_measure_device_id_f44_1_0"
"22","tape_measure_device_id_f44_2_0"
"23","tape_measure_device_id_f44_3_0"
"24","waist_circumference_f48_0_0"
"25","waist_circumference_f48_1_0"
"26","waist_circumference_f48_2_0"
"27","waist_circumference_f48_3_0"
"28","hip_circumference_f49_0_0"
"29","hip_circumference_f49_1_0"
"30","hip_circumference_f49_2_0"
"31","hip_circumference_f49_3_0"
"32","standing_height_f50_0_0"
"33","standing_height_f50_1_0"
"34","standing_height_f50_2_0"
"35","standing_height_f50_3_0"
"36","seated_height_f51_0_0"
"37","seated_height_f51_1_0"
"38","seated_height_f51_2_0"
"39","seated_height_f51_3_0"
"40","month_of_birth_f52_0_0"
"41","townsend_deprivation_index_at_recruitment_f189_0_0"
"42","number_of_daysweek_walked_10_minutes_f864_0_0"
"43","number_of_daysweek_walked_10_minutes_f864_1_0"
"44","number_of_daysweek_walked_10_minutes_f864_2_0"
"45","number_of_daysweek_walked_10_minutes_f864_3_0"
"46","duration_of_walks_f874_0_0"
"47","duration_of_walks_f874_1_0"
"48","duration_of_walks_f874_2_0"
"49","duration_of_walks_f874_3_0"
"50","number_of_daysweek_of_moderate_physical_activity_10_minutes_f884_0_0"
"51","number_of_daysweek_of_moderate_physical_activity_10_minutes_f884_1_0"
"52","number_of_daysweek_of_moderate_physical_activity_10_minutes_f884_2_0"
"53","number_of_daysweek_of_moderate_physical_activity_10_minutes_f884_3_0"
"54","duration_of_moderate_activity_f894_0_0"
"55","duration_of_moderate_activity_f894_1_0"
"56","duration_of_moderate_activity_f894_2_0"
"57","duration_of_moderate_activity_f894_3_0"
"58","number_of_daysweek_of_vigorous_physical_activity_10_minutes_f904_0_0"
"59","number_of_daysweek_of_vigorous_physical_activity_10_minutes_f904_1_0"
"60","number_of_daysweek_of_vigorous_physical_activity_10_minutes_f904_2_0"
"61","number_of_daysweek_of_vigorous_physical_activity_10_minutes_f904_3_0"
"62","duration_of_vigorous_activity_f914_0_0"
"63","duration_of_vigorous_activity_f914_1_0"
"64","duration_of_vigorous_activity_f914_2_0"
"65","duration_of_vigorous_activity_f914_3_0"
"66","usual_walking_pace_f924_0_0"
"67","usual_walking_pace_f924_1_0"
"68","usual_walking_pace_f924_2_0"
"69","usual_walking_pace_f924_3_0"
"70","frequency_of_stair_climbing_in_last_4_weeks_f943_0_0"
"71","frequency_of_stair_climbing_in_last_4_weeks_f943_1_0"
"72","frequency_of_stair_climbing_in_last_4_weeks_f943_2_0"
"73","frequency_of_stair_climbing_in_last_4_weeks_f943_3_0"
"74","frequency_of_walking_for_pleasure_in_last_4_weeks_f971_0_0"
"75","frequency_of_walking_for_pleasure_in_last_4_weeks_f971_1_0"
"76","frequency_of_walking_for_pleasure_in_last_4_weeks_f971_2_0"
"77","frequency_of_walking_for_pleasure_in_last_4_weeks_f971_3_0"
"78","duration_walking_for_pleasure_f981_0_0"
"79","duration_walking_for_pleasure_f981_1_0"
"80","duration_walking_for_pleasure_f981_2_0"
"81","duration_walking_for_pleasure_f981_3_0"
"82","frequency_of_strenuous_sports_in_last_4_weeks_f991_0_0"
"83","frequency_of_strenuous_sports_in_last_4_weeks_f991_1_0"
"84","frequency_of_strenuous_sports_in_last_4_weeks_f991_2_0"
"85","frequency_of_strenuous_sports_in_last_4_weeks_f991_3_0"
"86","duration_of_strenuous_sports_f1001_0_0"
"87","duration_of_strenuous_sports_f1001_1_0"
"88","duration_of_strenuous_sports_f1001_2_0"
"89","duration_of_strenuous_sports_f1001_3_0"
"90","frequency_of_light_diy_in_last_4_weeks_f1011_0_0"
"91","frequency_of_light_diy_in_last_4_weeks_f1011_1_0"
"92","frequency_of_light_diy_in_last_4_weeks_f1011_2_0"
"93","frequency_of_light_diy_in_last_4_weeks_f1011_3_0"
"94","duration_of_light_diy_f1021_0_0"
"95","duration_of_light_diy_f1021_1_0"
"96","duration_of_light_diy_f1021_2_0"
"97","duration_of_light_diy_f1021_3_0"
"98","frequency_of_friendfamily_visits_f1031_0_0"
"99","frequency_of_friendfamily_visits_f1031_1_0"
"100","frequency_of_friendfamily_visits_f1031_2_0"
"101","frequency_of_friendfamily_visits_f1031_3_0"
"102","time_spent_watching_television_tv_f1070_0_0"
"103","time_spent_watching_television_tv_f1070_1_0"
"104","time_spent_watching_television_tv_f1070_2_0"
"105","time_spent_watching_television_tv_f1070_3_0"
"106","time_spent_using_computer_f1080_0_0"
"107","time_spent_using_computer_f1080_1_0"
"108","time_spent_using_computer_f1080_2_0"
"109","time_spent_using_computer_f1080_3_0"
"110","time_spent_driving_f1090_0_0"
"111","time_spent_driving_f1090_1_0"
"112","time_spent_driving_f1090_2_0"
"113","time_spent_driving_f1090_3_0"
"114","sleep_duration_f1160_0_0"
"115","sleep_duration_f1160_1_0"
"116","sleep_duration_f1160_2_0"
"117","sleep_duration_f1160_3_0"
"118","getting_up_in_morning_f1170_0_0"
"119","getting_up_in_morning_f1170_1_0"
"120","getting_up_in_morning_f1170_2_0"
"121","getting_up_in_morning_f1170_3_0"
"122","morningevening_person_chronotype_f1180_0_0"
"123","morningevening_person_chronotype_f1180_1_0"
"124","morningevening_person_chronotype_f1180_2_0"
"125","morningevening_person_chronotype_f1180_3_0"
"126","nap_during_day_f1190_0_0"
"127","nap_during_day_f1190_1_0"
"128","nap_during_day_f1190_2_0"
"129","nap_during_day_f1190_3_0"
"130","sleeplessness_insomnia_f1200_0_0"
"131","sleeplessness_insomnia_f1200_1_0"
"132","sleeplessness_insomnia_f1200_2_0"
"133","sleeplessness_insomnia_f1200_3_0"
"134","snoring_f1210_0_0"
"135","snoring_f1210_1_0"
"136","snoring_f1210_2_0"
"137","snoring_f1210_3_0"
"138","daytime_dozing_sleeping_narcolepsy_f1220_0_0"
"139","daytime_dozing_sleeping_narcolepsy_f1220_1_0"
"140","daytime_dozing_sleeping_narcolepsy_f1220_2_0"
"141","daytime_dozing_sleeping_narcolepsy_f1220_3_0"
"142","current_tobacco_smoking_f1239_0_0"
"143","current_tobacco_smoking_f1239_1_0"
"144","current_tobacco_smoking_f1239_2_0"
"145","current_tobacco_smoking_f1239_3_0"
"146","past_tobacco_smoking_f1249_0_0"
"147","past_tobacco_smoking_f1249_1_0"
"148","past_tobacco_smoking_f1249_2_0"
"149","past_tobacco_smoking_f1249_3_0"
"150","smokingsmokers_in_household_f1259_0_0"
"151","smokingsmokers_in_household_f1259_1_0"
"152","smokingsmokers_in_household_f1259_2_0"
"153","smokingsmokers_in_household_f1259_3_0"
"154","exposure_to_tobacco_smoke_at_home_f1269_0_0"
"155","exposure_to_tobacco_smoke_at_home_f1269_1_0"
"156","exposure_to_tobacco_smoke_at_home_f1269_2_0"
"157","exposure_to_tobacco_smoke_at_home_f1269_3_0"
"158","exposure_to_tobacco_smoke_outside_home_f1279_0_0"
"159","exposure_to_tobacco_smoke_outside_home_f1279_1_0"
"160","exposure_to_tobacco_smoke_outside_home_f1279_2_0"
"161","exposure_to_tobacco_smoke_outside_home_f1279_3_0"
"162","cooked_vegetable_intake_f1289_0_0"
"163","cooked_vegetable_intake_f1289_1_0"
"164","cooked_vegetable_intake_f1289_2_0"
"165","cooked_vegetable_intake_f1289_3_0"
"166","salad_raw_vegetable_intake_f1299_0_0"
"167","salad_raw_vegetable_intake_f1299_1_0"
"168","salad_raw_vegetable_intake_f1299_2_0"
"169","salad_raw_vegetable_intake_f1299_3_0"
"170","fresh_fruit_intake_f1309_0_0"
"171","fresh_fruit_intake_f1309_1_0"
"172","fresh_fruit_intake_f1309_2_0"
"173","fresh_fruit_intake_f1309_3_0"
"174","dried_fruit_intake_f1319_0_0"
"175","dried_fruit_intake_f1319_1_0"
"176","dried_fruit_intake_f1319_2_0"
"177","dried_fruit_intake_f1319_3_0"
"178","oily_fish_intake_f1329_0_0"
"179","oily_fish_intake_f1329_1_0"
"180","oily_fish_intake_f1329_2_0"
"181","oily_fish_intake_f1329_3_0"
"182","nonoily_fish_intake_f1339_0_0"
"183","nonoily_fish_intake_f1339_1_0"
"184","nonoily_fish_intake_f1339_2_0"
"185","nonoily_fish_intake_f1339_3_0"
"186","processed_meat_intake_f1349_0_0"
"187","processed_meat_intake_f1349_1_0"
"188","processed_meat_intake_f1349_2_0"
"189","processed_meat_intake_f1349_3_0"
"190","poultry_intake_f1359_0_0"
"191","poultry_intake_f1359_1_0"
"192","poultry_intake_f1359_2_0"
"193","poultry_intake_f1359_3_0"
"194","beef_intake_f1369_0_0"
"195","beef_intake_f1369_1_0"
"196","beef_intake_f1369_2_0"
"197","beef_intake_f1369_3_0"
"198","lambmutton_intake_f1379_0_0"
"199","lambmutton_intake_f1379_1_0"
"200","lambmutton_intake_f1379_2_0"
"201","lambmutton_intake_f1379_3_0"
"202","pork_intake_f1389_0_0"
"203","pork_intake_f1389_1_0"
"204","pork_intake_f1389_2_0"
"205","pork_intake_f1389_3_0"
"206","cheese_intake_f1408_0_0"
"207","cheese_intake_f1408_1_0"
"208","cheese_intake_f1408_2_0"
"209","cheese_intake_f1408_3_0"
"210","milk_type_used_f1418_0_0"
"211","milk_type_used_f1418_1_0"
"212","milk_type_used_f1418_2_0"
"213","milk_type_used_f1418_3_0"
"214","spread_type_f1428_0_0"
"215","spread_type_f1428_1_0"
"216","spread_type_f1428_2_0"
"217","spread_type_f1428_3_0"
"218","bread_intake_f1438_0_0"
"219","bread_intake_f1438_1_0"
"220","bread_intake_f1438_2_0"
"221","bread_intake_f1438_3_0"
"222","bread_type_f1448_0_0"
"223","bread_type_f1448_1_0"
"224","bread_type_f1448_2_0"
"225","bread_type_f1448_3_0"
"226","cereal_intake_f1458_0_0"
"227","cereal_intake_f1458_1_0"
"228","cereal_intake_f1458_2_0"
"229","cereal_intake_f1458_3_0"
"230","cereal_type_f1468_0_0"
"231","cereal_type_f1468_1_0"
"232","cereal_type_f1468_2_0"
"233","cereal_type_f1468_3_0"
"234","salt_added_to_food_f1478_0_0"
"235","salt_added_to_food_f1478_1_0"
"236","salt_added_to_food_f1478_2_0"
"237","salt_added_to_food_f1478_3_0"
"238","tea_intake_f1488_0_0"
"239","tea_intake_f1488_1_0"
"240","tea_intake_f1488_2_0"
"241","tea_intake_f1488_3_0"
"242","coffee_type_f1508_0_0"
"243","coffee_type_f1508_1_0"
"244","coffee_type_f1508_2_0"
"245","coffee_type_f1508_3_0"
"246","hot_drink_temperature_f1518_0_0"
"247","hot_drink_temperature_f1518_1_0"
"248","hot_drink_temperature_f1518_2_0"
"249","hot_drink_temperature_f1518_3_0"
"250","water_intake_f1528_0_0"
"251","water_intake_f1528_1_0"
"252","water_intake_f1528_2_0"
"253","water_intake_f1528_3_0"
"254","major_dietary_changes_in_the_last_5_years_f1538_0_0"
"255","major_dietary_changes_in_the_last_5_years_f1538_1_0"
"256","major_dietary_changes_in_the_last_5_years_f1538_2_0"
"257","major_dietary_changes_in_the_last_5_years_f1538_3_0"
"258","variation_in_diet_f1548_0_0"
"259","variation_in_diet_f1548_1_0"
"260","variation_in_diet_f1548_2_0"
"261","variation_in_diet_f1548_3_0"
"262","alcohol_intake_frequency_f1558_0_0"
"263","alcohol_intake_frequency_f1558_1_0"
"264","alcohol_intake_frequency_f1558_2_0"
"265","alcohol_intake_frequency_f1558_3_0"
"266","average_weekly_red_wine_intake_f1568_0_0"
"267","average_weekly_red_wine_intake_f1568_1_0"
"268","average_weekly_red_wine_intake_f1568_2_0"
"269","average_weekly_red_wine_intake_f1568_3_0"
"270","average_weekly_champagne_plus_white_wine_intake_f1578_0_0"
"271","average_weekly_champagne_plus_white_wine_intake_f1578_1_0"
"272","average_weekly_champagne_plus_white_wine_intake_f1578_2_0"
"273","average_weekly_champagne_plus_white_wine_intake_f1578_3_0"
"274","average_weekly_beer_plus_cider_intake_f1588_0_0"
"275","average_weekly_beer_plus_cider_intake_f1588_1_0"
"276","average_weekly_beer_plus_cider_intake_f1588_2_0"
"277","average_weekly_beer_plus_cider_intake_f1588_3_0"
"278","average_weekly_spirits_intake_f1598_0_0"
"279","average_weekly_spirits_intake_f1598_1_0"
"280","average_weekly_spirits_intake_f1598_2_0"
"281","average_weekly_spirits_intake_f1598_3_0"
"282","average_weekly_fortified_wine_intake_f1608_0_0"
"283","average_weekly_fortified_wine_intake_f1608_1_0"
"284","average_weekly_fortified_wine_intake_f1608_2_0"
"285","average_weekly_fortified_wine_intake_f1608_3_0"
"286","alcohol_usually_taken_with_meals_f1618_0_0"
"287","alcohol_usually_taken_with_meals_f1618_1_0"
"288","alcohol_usually_taken_with_meals_f1618_2_0"
"289","alcohol_usually_taken_with_meals_f1618_3_0"
"290","alcohol_intake_versus_10_years_previously_f1628_0_0"
"291","alcohol_intake_versus_10_years_previously_f1628_1_0"
"292","alcohol_intake_versus_10_years_previously_f1628_2_0"
"293","alcohol_intake_versus_10_years_previously_f1628_3_0"
"294","mood_swings_f1920_0_0"
"295","mood_swings_f1920_1_0"
"296","mood_swings_f1920_2_0"
"297","mood_swings_f1920_3_0"
"298","miserableness_f1930_0_0"
"299","miserableness_f1930_1_0"
"300","miserableness_f1930_2_0"
"301","miserableness_f1930_3_0"
"302","irritability_f1940_0_0"
"303","irritability_f1940_1_0"
"304","irritability_f1940_2_0"
"305","irritability_f1940_3_0"
"306","sensitivity_hurt_feelings_f1950_0_0"
"307","sensitivity_hurt_feelings_f1950_1_0"
"308","sensitivity_hurt_feelings_f1950_2_0"
"309","sensitivity_hurt_feelings_f1950_3_0"
"310","fedup_feelings_f1960_0_0"
"311","fedup_feelings_f1960_1_0"
"312","fedup_feelings_f1960_2_0"
"313","fedup_feelings_f1960_3_0"
"314","nervous_feelings_f1970_0_0"
"315","nervous_feelings_f1970_1_0"
"316","nervous_feelings_f1970_2_0"
"317","nervous_feelings_f1970_3_0"
"318","worrier_anxious_feelings_f1980_0_0"
"319","worrier_anxious_feelings_f1980_1_0"
"320","worrier_anxious_feelings_f1980_2_0"
"321","worrier_anxious_feelings_f1980_3_0"
"322","tense_highly_strung_f1990_0_0"
"323","tense_highly_strung_f1990_1_0"
"324","tense_highly_strung_f1990_2_0"
"325","tense_highly_strung_f1990_3_0"
"326","worry_too_long_after_embarrassment_f2000_0_0"
"327","worry_too_long_after_embarrassment_f2000_1_0"
"328","worry_too_long_after_embarrassment_f2000_2_0"
"329","worry_too_long_after_embarrassment_f2000_3_0"
"330","suffer_from_nerves_f2010_0_0"
"331","suffer_from_nerves_f2010_1_0"
"332","suffer_from_nerves_f2010_2_0"
"333","suffer_from_nerves_f2010_3_0"
"334","loneliness_isolation_f2020_0_0"
"335","loneliness_isolation_f2020_1_0"
"336","loneliness_isolation_f2020_2_0"
"337","loneliness_isolation_f2020_3_0"
"338","guilty_feelings_f2030_0_0"
"339","guilty_feelings_f2030_1_0"
"340","guilty_feelings_f2030_2_0"
"341","guilty_feelings_f2030_3_0"
"342","risk_taking_f2040_0_0"
"343","risk_taking_f2040_1_0"
"344","risk_taking_f2040_2_0"
"345","risk_taking_f2040_3_0"
"346","frequency_of_depressed_mood_in_last_2_weeks_f2050_0_0"
"347","frequency_of_depressed_mood_in_last_2_weeks_f2050_1_0"
"348","frequency_of_depressed_mood_in_last_2_weeks_f2050_2_0"
"349","frequency_of_depressed_mood_in_last_2_weeks_f2050_3_0"
"350","frequency_of_unenthusiasm_disinterest_in_last_2_weeks_f2060_0_0"
"351","frequency_of_unenthusiasm_disinterest_in_last_2_weeks_f2060_1_0"
"352","frequency_of_unenthusiasm_disinterest_in_last_2_weeks_f2060_2_0"
"353","frequency_of_unenthusiasm_disinterest_in_last_2_weeks_f2060_3_0"
"354","frequency_of_tenseness_restlessness_in_last_2_weeks_f2070_0_0"
"355","frequency_of_tenseness_restlessness_in_last_2_weeks_f2070_1_0"
"356","frequency_of_tenseness_restlessness_in_last_2_weeks_f2070_2_0"
"357","frequency_of_tenseness_restlessness_in_last_2_weeks_f2070_3_0"
"358","frequency_of_tiredness_lethargy_in_last_2_weeks_f2080_0_0"
"359","frequency_of_tiredness_lethargy_in_last_2_weeks_f2080_1_0"
"360","frequency_of_tiredness_lethargy_in_last_2_weeks_f2080_2_0"
"361","frequency_of_tiredness_lethargy_in_last_2_weeks_f2080_3_0"
"362","seen_doctor_gp_for_nerves_anxiety_tension_or_depression_f2090_0_0"
"363","seen_doctor_gp_for_nerves_anxiety_tension_or_depression_f2090_1_0"
"364","seen_doctor_gp_for_nerves_anxiety_tension_or_depression_f2090_2_0"
"365","seen_doctor_gp_for_nerves_anxiety_tension_or_depression_f2090_3_0"
"366","seen_a_psychiatrist_for_nerves_anxiety_tension_or_depression_f2100_0_0"
"367","seen_a_psychiatrist_for_nerves_anxiety_tension_or_depression_f2100_1_0"
"368","seen_a_psychiatrist_for_nerves_anxiety_tension_or_depression_f2100_2_0"
"369","seen_a_psychiatrist_for_nerves_anxiety_tension_or_depression_f2100_3_0"
"370","able_to_confide_f2110_0_0"
"371","able_to_confide_f2110_1_0"
"372","able_to_confide_f2110_2_0"
"373","able_to_confide_f2110_3_0"
"374","overall_health_rating_f2178_0_0"
"375","overall_health_rating_f2178_1_0"
"376","overall_health_rating_f2178_2_0"
"377","overall_health_rating_f2178_3_0"
"378","longstanding_illness_disability_or_infirmity_f2188_0_0"
"379","longstanding_illness_disability_or_infirmity_f2188_1_0"
"380","longstanding_illness_disability_or_infirmity_f2188_2_0"
"381","longstanding_illness_disability_or_infirmity_f2188_3_0"
"382","falls_in_the_last_year_f2296_0_0"
"383","falls_in_the_last_year_f2296_1_0"
"384","falls_in_the_last_year_f2296_2_0"
"385","falls_in_the_last_year_f2296_3_0"
"386","weight_change_compared_with_1_year_ago_f2306_0_0"
"387","weight_change_compared_with_1_year_ago_f2306_1_0"
"388","weight_change_compared_with_1_year_ago_f2306_2_0"
"389","weight_change_compared_with_1_year_ago_f2306_3_0"
"390","wheeze_or_whistling_in_the_chest_in_last_year_f2316_0_0"
"391","wheeze_or_whistling_in_the_chest_in_last_year_f2316_1_0"
"392","wheeze_or_whistling_in_the_chest_in_last_year_f2316_2_0"
"393","wheeze_or_whistling_in_the_chest_in_last_year_f2316_3_0"
"394","chest_pain_or_discomfort_f2335_0_0"
"395","chest_pain_or_discomfort_f2335_1_0"
"396","chest_pain_or_discomfort_f2335_2_0"
"397","chest_pain_or_discomfort_f2335_3_0"
"398","had_major_operations_f2415_0_0"
"399","had_major_operations_f2415_1_0"
"400","had_major_operations_f2415_2_0"
"401","had_major_operations_f2415_3_0"
"402","frequency_of_heavy_diy_in_last_4_weeks_f2624_0_0"
"403","frequency_of_heavy_diy_in_last_4_weeks_f2624_1_0"
"404","frequency_of_heavy_diy_in_last_4_weeks_f2624_2_0"
"405","frequency_of_heavy_diy_in_last_4_weeks_f2624_3_0"
"406","duration_of_heavy_diy_f2634_0_0"
"407","duration_of_heavy_diy_f2634_1_0"
"408","duration_of_heavy_diy_f2634_2_0"
"409","duration_of_heavy_diy_f2634_3_0"
"410","light_smokers_at_least_100_smokes_in_lifetime_f2644_0_0"
"411","light_smokers_at_least_100_smokes_in_lifetime_f2644_1_0"
"412","light_smokers_at_least_100_smokes_in_lifetime_f2644_2_0"
"413","light_smokers_at_least_100_smokes_in_lifetime_f2644_3_0"
"414","nonbutter_spread_type_details_f2654_0_0"
"415","nonbutter_spread_type_details_f2654_1_0"
"416","nonbutter_spread_type_details_f2654_2_0"
"417","nonbutter_spread_type_details_f2654_3_0"
"418","reason_for_reducing_amount_of_alcohol_drunk_f2664_0_0"
"419","reason_for_reducing_amount_of_alcohol_drunk_f2664_1_0"
"420","reason_for_reducing_amount_of_alcohol_drunk_f2664_2_0"
"421","reason_for_reducing_amount_of_alcohol_drunk_f2664_3_0"
"422","had_other_major_operations_f2844_0_0"
"423","had_other_major_operations_f2844_1_0"
"424","had_other_major_operations_f2844_2_0"
"425","had_other_major_operations_f2844_3_0"
"426","age_started_smoking_in_former_smokers_f2867_0_0"
"427","age_started_smoking_in_former_smokers_f2867_1_0"
"428","age_started_smoking_in_former_smokers_f2867_2_0"
"429","age_started_smoking_in_former_smokers_f2867_3_0"
"430","type_of_tobacco_previously_smoked_f2877_0_0"
"431","type_of_tobacco_previously_smoked_f2877_1_0"
"432","type_of_tobacco_previously_smoked_f2877_2_0"
"433","type_of_tobacco_previously_smoked_f2877_3_0"
"434","number_of_cigarettes_previously_smoked_daily_f2887_0_0"
"435","number_of_cigarettes_previously_smoked_daily_f2887_1_0"
"436","number_of_cigarettes_previously_smoked_daily_f2887_2_0"
"437","number_of_cigarettes_previously_smoked_daily_f2887_3_0"
"438","age_stopped_smoking_f2897_0_0"
"439","age_stopped_smoking_f2897_1_0"
"440","age_stopped_smoking_f2897_2_0"
"441","age_stopped_smoking_f2897_3_0"
"442","ever_stopped_smoking_for_6_months_f2907_0_0"
"443","ever_stopped_smoking_for_6_months_f2907_1_0"
"444","ever_stopped_smoking_for_6_months_f2907_2_0"
"445","ever_stopped_smoking_for_6_months_f2907_3_0"
"446","number_of_unsuccessful_stopsmoking_attempts_f2926_0_0"
"447","number_of_unsuccessful_stopsmoking_attempts_f2926_1_0"
"448","number_of_unsuccessful_stopsmoking_attempts_f2926_2_0"
"449","number_of_unsuccessful_stopsmoking_attempts_f2926_3_0"
"450","general_pain_for_3_months_f2956_0_0"
"451","general_pain_for_3_months_f2956_1_0"
"452","general_pain_for_3_months_f2956_2_0"
"453","general_pain_for_3_months_f2956_3_0"
"454","seating_box_height_f3077_0_0"
"455","seating_box_height_f3077_1_0"
"456","seating_box_height_f3077_2_0"
"457","seating_box_height_f3077_3_0"
"458","weight_manual_entry_f3160_0_0"
"459","weight_manual_entry_f3160_1_0"
"460","weight_manual_entry_f3160_2_0"
"461","weight_manual_entry_f3160_3_0"
"462","hip_pain_for_3_months_f3414_0_0"
"463","hip_pain_for_3_months_f3414_1_0"
"464","hip_pain_for_3_months_f3414_2_0"
"465","hip_pain_for_3_months_f3414_3_0"
"466","age_started_smoking_in_current_smokers_f3436_0_0"
"467","age_started_smoking_in_current_smokers_f3436_1_0"
"468","age_started_smoking_in_current_smokers_f3436_2_0"
"469","age_started_smoking_in_current_smokers_f3436_3_0"
"470","type_of_tobacco_currently_smoked_f3446_0_0"
"471","type_of_tobacco_currently_smoked_f3446_1_0"
"472","type_of_tobacco_currently_smoked_f3446_2_0"
"473","type_of_tobacco_currently_smoked_f3446_3_0"
"474","number_of_cigarettes_currently_smoked_daily_current_cigarette_smokers_f3456_0_0"
"475","number_of_cigarettes_currently_smoked_daily_current_cigarette_smokers_f3456_1_0"
"476","number_of_cigarettes_currently_smoked_daily_current_cigarette_smokers_f3456_2_0"
"477","number_of_cigarettes_currently_smoked_daily_current_cigarette_smokers_f3456_3_0"
"478","time_from_waking_to_first_cigarette_f3466_0_0"
"479","time_from_waking_to_first_cigarette_f3466_1_0"
"480","time_from_waking_to_first_cigarette_f3466_2_0"
"481","time_from_waking_to_first_cigarette_f3466_3_0"
"482","smoking_compared_to_10_years_previous_f3506_0_0"
"483","smoking_compared_to_10_years_previous_f3506_1_0"
"484","smoking_compared_to_10_years_previous_f3506_2_0"
"485","smoking_compared_to_10_years_previous_f3506_3_0"
"486","back_pain_for_3_months_f3571_0_0"
"487","back_pain_for_3_months_f3571_1_0"
"488","back_pain_for_3_months_f3571_2_0"
"489","back_pain_for_3_months_f3571_3_0"
"490","chest_pain_or_discomfort_walking_normally_f3606_0_0"
"491","chest_pain_or_discomfort_walking_normally_f3606_1_0"
"492","chest_pain_or_discomfort_walking_normally_f3606_2_0"
"493","chest_pain_or_discomfort_walking_normally_f3606_3_0"
"494","chest_pain_due_to_walking_ceases_when_standing_still_f3616_0_0"
"495","chest_pain_due_to_walking_ceases_when_standing_still_f3616_1_0"
"496","chest_pain_due_to_walking_ceases_when_standing_still_f3616_2_0"
"497","chest_pain_due_to_walking_ceases_when_standing_still_f3616_3_0"
"498","frequency_of_other_exercises_in_last_4_weeks_f3637_0_0"
"499","frequency_of_other_exercises_in_last_4_weeks_f3637_1_0"
"500","frequency_of_other_exercises_in_last_4_weeks_f3637_2_0"
"501","frequency_of_other_exercises_in_last_4_weeks_f3637_3_0"
"502","duration_of_other_exercises_f3647_0_0"
"503","duration_of_other_exercises_f3647_1_0"
"504","duration_of_other_exercises_f3647_2_0"
"505","duration_of_other_exercises_f3647_3_0"
"506","age_when_last_ate_meat_f3680_0_0"
"507","age_when_last_ate_meat_f3680_1_0"
"508","age_when_last_ate_meat_f3680_2_0"
"509","age_when_last_ate_meat_f3680_3_0"
"510","former_alcohol_drinker_f3731_0_0"
"511","former_alcohol_drinker_f3731_1_0"
"512","former_alcohol_drinker_f3731_2_0"
"513","former_alcohol_drinker_f3731_3_0"
"514","chest_pain_or_discomfort_when_walking_uphill_or_hurrying_f3751_0_0"
"515","chest_pain_or_discomfort_when_walking_uphill_or_hurrying_f3751_1_0"
"516","chest_pain_or_discomfort_when_walking_uphill_or_hurrying_f3751_2_0"
"517","chest_pain_or_discomfort_when_walking_uphill_or_hurrying_f3751_3_0"
"518","knee_pain_for_3_months_f3773_0_0"
"519","knee_pain_for_3_months_f3773_1_0"
"520","knee_pain_for_3_months_f3773_2_0"
"521","knee_pain_for_3_months_f3773_3_0"
"522","reason_former_drinker_stopped_drinking_alcohol_f3859_0_0"
"523","reason_former_drinker_stopped_drinking_alcohol_f3859_1_0"
"524","reason_former_drinker_stopped_drinking_alcohol_f3859_2_0"
"525","reason_former_drinker_stopped_drinking_alcohol_f3859_3_0"
"526","average_monthly_red_wine_intake_f4407_0_0"
"527","average_monthly_red_wine_intake_f4407_1_0"
"528","average_monthly_red_wine_intake_f4407_2_0"
"529","average_monthly_red_wine_intake_f4407_3_0"
"530","average_monthly_champagne_plus_white_wine_intake_f4418_0_0"
"531","average_monthly_champagne_plus_white_wine_intake_f4418_1_0"
"532","average_monthly_champagne_plus_white_wine_intake_f4418_2_0"
"533","average_monthly_champagne_plus_white_wine_intake_f4418_3_0"
"534","average_monthly_beer_plus_cider_intake_f4429_0_0"
"535","average_monthly_beer_plus_cider_intake_f4429_1_0"
"536","average_monthly_beer_plus_cider_intake_f4429_2_0"
"537","average_monthly_beer_plus_cider_intake_f4429_3_0"
"538","average_monthly_spirits_intake_f4440_0_0"
"539","average_monthly_spirits_intake_f4440_1_0"
"540","average_monthly_spirits_intake_f4440_2_0"
"541","average_monthly_spirits_intake_f4440_3_0"
"542","average_monthly_fortified_wine_intake_f4451_0_0"
"543","average_monthly_fortified_wine_intake_f4451_1_0"
"544","average_monthly_fortified_wine_intake_f4451_2_0"
"545","average_monthly_fortified_wine_intake_f4451_3_0"
"546","average_monthly_intake_of_other_alcoholic_drinks_f4462_0_0"
"547","average_monthly_intake_of_other_alcoholic_drinks_f4462_1_0"
"548","average_monthly_intake_of_other_alcoholic_drinks_f4462_2_0"
"549","average_monthly_intake_of_other_alcoholic_drinks_f4462_3_0"
"550","ever_depressed_for_a_whole_week_f4598_0_0"
"551","ever_depressed_for_a_whole_week_f4598_1_0"
"552","ever_depressed_for_a_whole_week_f4598_2_0"
"553","ever_depressed_for_a_whole_week_f4598_3_0"
"554","longest_period_of_depression_f4609_0_0"
"555","longest_period_of_depression_f4609_1_0"
"556","longest_period_of_depression_f4609_2_0"
"557","longest_period_of_depression_f4609_3_0"
"558","number_of_depression_episodes_f4620_0_0"
"559","number_of_depression_episodes_f4620_1_0"
"560","number_of_depression_episodes_f4620_2_0"
"561","number_of_depression_episodes_f4620_3_0"
"562","ever_unenthusiasticdisinterested_for_a_whole_week_f4631_0_0"
"563","ever_unenthusiasticdisinterested_for_a_whole_week_f4631_1_0"
"564","ever_unenthusiasticdisinterested_for_a_whole_week_f4631_2_0"
"565","ever_unenthusiasticdisinterested_for_a_whole_week_f4631_3_0"
"566","ever_manichyper_for_2_days_f4642_0_0"
"567","ever_manichyper_for_2_days_f4642_1_0"
"568","ever_manichyper_for_2_days_f4642_2_0"
"569","ever_manichyper_for_2_days_f4642_3_0"
"570","ever_highly_irritableargumentative_for_2_days_f4653_0_0"
"571","ever_highly_irritableargumentative_for_2_days_f4653_1_0"
"572","ever_highly_irritableargumentative_for_2_days_f4653_2_0"
"573","ever_highly_irritableargumentative_for_2_days_f4653_3_0"
"574","shortness_of_breath_walking_on_level_ground_f4717_0_0"
"575","shortness_of_breath_walking_on_level_ground_f4717_1_0"
"576","shortness_of_breath_walking_on_level_ground_f4717_2_0"
"577","shortness_of_breath_walking_on_level_ground_f4717_3_0"
"578","leg_pain_on_walking_f4728_0_0"
"579","leg_pain_on_walking_f4728_1_0"
"580","leg_pain_on_walking_f4728_2_0"
"581","leg_pain_on_walking_f4728_3_0"
"582","average_weekly_intake_of_other_alcoholic_drinks_f5364_0_0"
"583","average_weekly_intake_of_other_alcoholic_drinks_f5364_1_0"
"584","average_weekly_intake_of_other_alcoholic_drinks_f5364_2_0"
"585","average_weekly_intake_of_other_alcoholic_drinks_f5364_3_0"
"586","longest_period_of_unenthusiasm_disinterest_f5375_0_0"
"587","longest_period_of_unenthusiasm_disinterest_f5375_1_0"
"588","longest_period_of_unenthusiasm_disinterest_f5375_2_0"
"589","longest_period_of_unenthusiasm_disinterest_f5375_3_0"
"590","number_of_unenthusiasticdisinterested_episodes_f5386_0_0"
"591","number_of_unenthusiasticdisinterested_episodes_f5386_1_0"
"592","number_of_unenthusiasticdisinterested_episodes_f5386_2_0"
"593","number_of_unenthusiasticdisinterested_episodes_f5386_3_0"
"594","leg_pain_when_standing_still_or_sitting_f5452_0_0"
"595","leg_pain_when_standing_still_or_sitting_f5452_1_0"
"596","leg_pain_when_standing_still_or_sitting_f5452_2_0"
"597","leg_pain_when_standing_still_or_sitting_f5452_3_0"
"598","leg_pain_in_calfcalves_f5463_0_0"
"599","leg_pain_in_calfcalves_f5463_1_0"
"600","leg_pain_in_calfcalves_f5463_2_0"
"601","leg_pain_in_calfcalves_f5463_3_0"
"602","leg_pain_when_walking_uphill_or_hurrying_f5474_0_0"
"603","leg_pain_when_walking_uphill_or_hurrying_f5474_1_0"
"604","leg_pain_when_walking_uphill_or_hurrying_f5474_2_0"
"605","leg_pain_when_walking_uphill_or_hurrying_f5474_3_0"
"606","leg_pain_when_walking_normally_f5485_0_0"
"607","leg_pain_when_walking_normally_f5485_1_0"
"608","leg_pain_when_walking_normally_f5485_2_0"
"609","leg_pain_when_walking_normally_f5485_3_0"
"610","leg_pain_when_walking_ever_disappears_while_walking_f5496_0_0"
"611","leg_pain_when_walking_ever_disappears_while_walking_f5496_1_0"
"612","leg_pain_when_walking_ever_disappears_while_walking_f5496_2_0"
"613","leg_pain_when_walking_ever_disappears_while_walking_f5496_3_0"
"614","leg_pain_on_walking_action_taken_f5507_0_0"
"615","leg_pain_on_walking_action_taken_f5507_1_0"
"616","leg_pain_on_walking_action_taken_f5507_2_0"
"617","leg_pain_on_walking_action_taken_f5507_3_0"
"618","leg_pain_on_walking_effect_of_standing_still_f5518_0_0"
"619","leg_pain_on_walking_effect_of_standing_still_f5518_1_0"
"620","leg_pain_on_walking_effect_of_standing_still_f5518_2_0"
"621","leg_pain_on_walking_effect_of_standing_still_f5518_3_0"
"622","surgery_on_leg_arteries_other_than_for_varicose_veins_f5529_0_0"
"623","surgery_on_leg_arteries_other_than_for_varicose_veins_f5529_1_0"
"624","surgery_on_leg_arteries_other_than_for_varicose_veins_f5529_2_0"
"625","surgery_on_leg_arteries_other_than_for_varicose_veins_f5529_3_0"
"626","surgeryamputation_of_toe_or_leg_f5540_0_0"
"627","surgeryamputation_of_toe_or_leg_f5540_1_0"
"628","surgeryamputation_of_toe_or_leg_f5540_2_0"
"629","surgeryamputation_of_toe_or_leg_f5540_3_0"
"630","length_of_longest_manicirritable_episode_f5663_0_0"
"631","length_of_longest_manicirritable_episode_f5663_1_0"
"632","length_of_longest_manicirritable_episode_f5663_2_0"
"633","length_of_longest_manicirritable_episode_f5663_3_0"
"634","severity_of_manicirritable_episodes_f5674_0_0"
"635","severity_of_manicirritable_episodes_f5674_1_0"
"636","severity_of_manicirritable_episodes_f5674_2_0"
"637","severity_of_manicirritable_episodes_f5674_3_0"
"638","previously_smoked_cigarettes_on_mostall_days_f5959_0_0"
"639","previously_smoked_cigarettes_on_mostall_days_f5959_1_0"
"640","previously_smoked_cigarettes_on_mostall_days_f5959_2_0"
"641","previously_smoked_cigarettes_on_mostall_days_f5959_3_0"
"642","never_eat_eggs_dairy_wheat_sugar_f6144_0_0"
"643","never_eat_eggs_dairy_wheat_sugar_f6144_0_1"
"644","never_eat_eggs_dairy_wheat_sugar_f6144_0_2"
"645","never_eat_eggs_dairy_wheat_sugar_f6144_0_3"
"646","never_eat_eggs_dairy_wheat_sugar_f6144_1_0"
"647","never_eat_eggs_dairy_wheat_sugar_f6144_1_1"
"648","never_eat_eggs_dairy_wheat_sugar_f6144_1_2"
"649","never_eat_eggs_dairy_wheat_sugar_f6144_1_3"
"650","never_eat_eggs_dairy_wheat_sugar_f6144_2_0"
"651","never_eat_eggs_dairy_wheat_sugar_f6144_2_1"
"652","never_eat_eggs_dairy_wheat_sugar_f6144_2_2"
"653","never_eat_eggs_dairy_wheat_sugar_f6144_2_3"
"654","never_eat_eggs_dairy_wheat_sugar_f6144_3_0"
"655","never_eat_eggs_dairy_wheat_sugar_f6144_3_1"
"656","never_eat_eggs_dairy_wheat_sugar_f6144_3_2"
"657","never_eat_eggs_dairy_wheat_sugar_f6144_3_3"
"658","illness_injury_bereavement_stress_in_last_2_years_f6145_0_0"
"659","illness_injury_bereavement_stress_in_last_2_years_f6145_0_1"
"660","illness_injury_bereavement_stress_in_last_2_years_f6145_0_2"
"661","illness_injury_bereavement_stress_in_last_2_years_f6145_0_3"
"662","illness_injury_bereavement_stress_in_last_2_years_f6145_0_4"
"663","illness_injury_bereavement_stress_in_last_2_years_f6145_0_5"
"664","illness_injury_bereavement_stress_in_last_2_years_f6145_1_0"
"665","illness_injury_bereavement_stress_in_last_2_years_f6145_1_1"
"666","illness_injury_bereavement_stress_in_last_2_years_f6145_1_2"
"667","illness_injury_bereavement_stress_in_last_2_years_f6145_1_3"
"668","illness_injury_bereavement_stress_in_last_2_years_f6145_1_4"
"669","illness_injury_bereavement_stress_in_last_2_years_f6145_1_5"
"670","illness_injury_bereavement_stress_in_last_2_years_f6145_2_0"
"671","illness_injury_bereavement_stress_in_last_2_years_f6145_2_1"
"672","illness_injury_bereavement_stress_in_last_2_years_f6145_2_2"
"673","illness_injury_bereavement_stress_in_last_2_years_f6145_2_3"
"674","illness_injury_bereavement_stress_in_last_2_years_f6145_2_4"
"675","illness_injury_bereavement_stress_in_last_2_years_f6145_2_5"
"676","illness_injury_bereavement_stress_in_last_2_years_f6145_3_0"
"677","illness_injury_bereavement_stress_in_last_2_years_f6145_3_1"
"678","illness_injury_bereavement_stress_in_last_2_years_f6145_3_2"
"679","illness_injury_bereavement_stress_in_last_2_years_f6145_3_3"
"680","illness_injury_bereavement_stress_in_last_2_years_f6145_3_4"
"681","illness_injury_bereavement_stress_in_last_2_years_f6145_3_5"
"682","attendancedisabilitymobility_allowance_f6146_0_0"
"683","attendancedisabilitymobility_allowance_f6146_0_1"
"684","attendancedisabilitymobility_allowance_f6146_0_2"
"685","attendancedisabilitymobility_allowance_f6146_1_0"
"686","attendancedisabilitymobility_allowance_f6146_1_1"
"687","attendancedisabilitymobility_allowance_f6146_1_2"
"688","attendancedisabilitymobility_allowance_f6146_2_0"
"689","attendancedisabilitymobility_allowance_f6146_2_1"
"690","attendancedisabilitymobility_allowance_f6146_2_2"
"691","attendancedisabilitymobility_allowance_f6146_3_0"
"692","attendancedisabilitymobility_allowance_f6146_3_1"
"693","attendancedisabilitymobility_allowance_f6146_3_2"
"694","manichyper_symptoms_f6156_0_0"
"695","manichyper_symptoms_f6156_0_1"
"696","manichyper_symptoms_f6156_0_2"
"697","manichyper_symptoms_f6156_0_3"
"698","manichyper_symptoms_f6156_1_0"
"699","manichyper_symptoms_f6156_1_1"
"700","manichyper_symptoms_f6156_1_2"
"701","manichyper_symptoms_f6156_1_3"
"702","manichyper_symptoms_f6156_2_0"
"703","manichyper_symptoms_f6156_2_1"
"704","manichyper_symptoms_f6156_2_2"
"705","manichyper_symptoms_f6156_2_3"
"706","manichyper_symptoms_f6156_3_0"
"707","manichyper_symptoms_f6156_3_1"
"708","manichyper_symptoms_f6156_3_2"
"709","manichyper_symptoms_f6156_3_3"
"710","why_stopped_smoking_f6157_0_0"
"711","why_stopped_smoking_f6157_0_1"
"712","why_stopped_smoking_f6157_0_2"
"713","why_stopped_smoking_f6157_0_3"
"714","why_stopped_smoking_f6157_1_0"
"715","why_stopped_smoking_f6157_1_1"
"716","why_stopped_smoking_f6157_1_2"
"717","why_stopped_smoking_f6157_1_3"
"718","why_stopped_smoking_f6157_2_0"
"719","why_stopped_smoking_f6157_2_1"
"720","why_stopped_smoking_f6157_2_2"
"721","why_stopped_smoking_f6157_2_3"
"722","why_stopped_smoking_f6157_3_0"
"723","why_stopped_smoking_f6157_3_1"
"724","why_stopped_smoking_f6157_3_2"
"725","why_stopped_smoking_f6157_3_3"
"726","why_reduced_smoking_f6158_0_0"
"727","why_reduced_smoking_f6158_0_1"
"728","why_reduced_smoking_f6158_0_2"
"729","why_reduced_smoking_f6158_0_3"
"730","why_reduced_smoking_f6158_1_0"
"731","why_reduced_smoking_f6158_1_1"
"732","why_reduced_smoking_f6158_1_2"
"733","why_reduced_smoking_f6158_1_3"
"734","why_reduced_smoking_f6158_2_0"
"735","why_reduced_smoking_f6158_2_1"
"736","why_reduced_smoking_f6158_2_2"
"737","why_reduced_smoking_f6158_2_3"
"738","why_reduced_smoking_f6158_3_0"
"739","why_reduced_smoking_f6158_3_1"
"740","why_reduced_smoking_f6158_3_2"
"741","why_reduced_smoking_f6158_3_3"
"742","leisuresocial_activities_f6160_0_0"
"743","leisuresocial_activities_f6160_0_1"
"744","leisuresocial_activities_f6160_0_2"
"745","leisuresocial_activities_f6160_0_3"
"746","leisuresocial_activities_f6160_0_4"
"747","leisuresocial_activities_f6160_1_0"
"748","leisuresocial_activities_f6160_1_1"
"749","leisuresocial_activities_f6160_1_2"
"750","leisuresocial_activities_f6160_1_3"
"751","leisuresocial_activities_f6160_1_4"
"752","leisuresocial_activities_f6160_2_0"
"753","leisuresocial_activities_f6160_2_1"
"754","leisuresocial_activities_f6160_2_2"
"755","leisuresocial_activities_f6160_2_3"
"756","leisuresocial_activities_f6160_2_4"
"757","leisuresocial_activities_f6160_3_0"
"758","leisuresocial_activities_f6160_3_1"
"759","leisuresocial_activities_f6160_3_2"
"760","leisuresocial_activities_f6160_3_3"
"761","leisuresocial_activities_f6160_3_4"
"762","types_of_transport_used_excluding_work_f6162_0_0"
"763","types_of_transport_used_excluding_work_f6162_0_1"
"764","types_of_transport_used_excluding_work_f6162_0_2"
"765","types_of_transport_used_excluding_work_f6162_0_3"
"766","types_of_transport_used_excluding_work_f6162_1_0"
"767","types_of_transport_used_excluding_work_f6162_1_1"
"768","types_of_transport_used_excluding_work_f6162_1_2"
"769","types_of_transport_used_excluding_work_f6162_1_3"
"770","types_of_transport_used_excluding_work_f6162_2_0"
"771","types_of_transport_used_excluding_work_f6162_2_1"
"772","types_of_transport_used_excluding_work_f6162_2_2"
"773","types_of_transport_used_excluding_work_f6162_2_3"
"774","types_of_transport_used_excluding_work_f6162_3_0"
"775","types_of_transport_used_excluding_work_f6162_3_1"
"776","types_of_transport_used_excluding_work_f6162_3_2"
"777","types_of_transport_used_excluding_work_f6162_3_3"
"778","types_of_physical_activity_in_last_4_weeks_f6164_0_0"
"779","types_of_physical_activity_in_last_4_weeks_f6164_0_1"
"780","types_of_physical_activity_in_last_4_weeks_f6164_0_2"
"781","types_of_physical_activity_in_last_4_weeks_f6164_0_3"
"782","types_of_physical_activity_in_last_4_weeks_f6164_0_4"
"783","types_of_physical_activity_in_last_4_weeks_f6164_1_0"
"784","types_of_physical_activity_in_last_4_weeks_f6164_1_1"
"785","types_of_physical_activity_in_last_4_weeks_f6164_1_2"
"786","types_of_physical_activity_in_last_4_weeks_f6164_1_3"
"787","types_of_physical_activity_in_last_4_weeks_f6164_1_4"
"788","types_of_physical_activity_in_last_4_weeks_f6164_2_0"
"789","types_of_physical_activity_in_last_4_weeks_f6164_2_1"
"790","types_of_physical_activity_in_last_4_weeks_f6164_2_2"
"791","types_of_physical_activity_in_last_4_weeks_f6164_2_3"
"792","types_of_physical_activity_in_last_4_weeks_f6164_2_4"
"793","types_of_physical_activity_in_last_4_weeks_f6164_3_0"
"794","types_of_physical_activity_in_last_4_weeks_f6164_3_1"
"795","types_of_physical_activity_in_last_4_weeks_f6164_3_2"
"796","types_of_physical_activity_in_last_4_weeks_f6164_3_3"
"797","types_of_physical_activity_in_last_4_weeks_f6164_3_4"
"798","number_of_cigarettes_previously_smoked_daily_current_cigarpipe_smokers_f6183_0_0"
"799","number_of_cigarettes_previously_smoked_daily_current_cigarpipe_smokers_f6183_1_0"
"800","number_of_cigarettes_previously_smoked_daily_current_cigarpipe_smokers_f6183_2_0"
"801","number_of_cigarettes_previously_smoked_daily_current_cigarpipe_smokers_f6183_3_0"
"802","age_stopped_smoking_cigarettes_current_cigarpipe_or_previous_cigarette_smoker_f6194_0_0"
"803","age_stopped_smoking_cigarettes_current_cigarpipe_or_previous_cigarette_smoker_f6194_1_0"
"804","age_stopped_smoking_cigarettes_current_cigarpipe_or_previous_cigarette_smoker_f6194_2_0"
"805","age_stopped_smoking_cigarettes_current_cigarpipe_or_previous_cigarette_smoker_f6194_3_0"
"806","why_stopped_smoking_pilot_f10115_0_0"
"807","illness_injury_bereavement_stress_in_last_2_years_pilot_f10721_0_0"
"808","illness_injury_bereavement_stress_in_last_2_years_pilot_f10721_0_1"
"809","illness_injury_bereavement_stress_in_last_2_years_pilot_f10721_0_2"
"810","illness_injury_bereavement_stress_in_last_2_years_pilot_f10721_0_3"
"811","illness_injury_bereavement_stress_in_last_2_years_pilot_f10721_0_4"
"812","frequency_of_friendfamily_visits_pilot_f10740_0_0"
"813","spread_type_pilot_f10767_0_0"
"814","bread_typeintake_pilot_f10776_0_0"
"815","reason_for_reducing_amount_of_alcohol_drunk_pilot_f10818_0_0"
"816","ever_stopped_smoking_for_6_months_pilot_f10827_0_0"
"817","reason_former_drinker_stopped_drinking_alcohol_pilot_f10853_0_0"
"818","never_eat_eggs_dairy_wheat_sugar_pilot_f10855_0_0"
"819","never_eat_eggs_dairy_wheat_sugar_pilot_f10855_0_1"
"820","never_eat_eggs_dairy_wheat_sugar_pilot_f10855_0_2"
"821","never_eat_eggs_dairy_wheat_sugar_pilot_f10855_0_3"
"822","light_smokers_at_least_100_smokes_in_lifetime_pilot_f10895_0_0"
"823","variation_in_diet_pilot_f10912_0_0"
"824","duration_of_walks_pilot_f10953_0_0"
"825","duration_of_moderate_physical_activity_pilot_f10962_0_0"
"826","duration_of_vigorous_physical_activity_pilot_f10971_0_0"
"827","weight_preimaging_f12143_2_0"
"828","weight_preimaging_f12143_3_0"
"829","height_f12144_2_0"
"830","height_f12144_3_0"
"831","sitting_height_f20015_0_0"
"832","sitting_height_f20015_1_0"
"833","sitting_height_f20015_2_0"
"834","sitting_height_f20015_3_0"
"835","reason_for_skipping_weight_f20041_0_0"
"836","reason_for_skipping_waist_f20045_0_0"
"837","reason_for_skipping_hip_measurement_f20046_0_0"
"838","reason_for_skipping_standing_height_f20047_0_0"
"839","reason_for_skipping_sitting_height_f20048_0_0"
"840","size_of_white_wine_glass_drunk_f20095_0_0"
"841","size_of_white_wine_glass_drunk_f20095_0_1"
"842","size_of_white_wine_glass_drunk_f20095_0_2"
"843","size_of_white_wine_glass_drunk_f20095_1_0"
"844","size_of_white_wine_glass_drunk_f20095_1_1"
"845","size_of_white_wine_glass_drunk_f20095_1_2"
"846","size_of_white_wine_glass_drunk_f20095_2_0"
"847","size_of_white_wine_glass_drunk_f20095_2_1"
"848","size_of_white_wine_glass_drunk_f20095_2_2"
"849","size_of_white_wine_glass_drunk_f20095_3_0"
"850","size_of_white_wine_glass_drunk_f20095_3_1"
"851","size_of_white_wine_glass_drunk_f20095_3_2"
"852","size_of_white_wine_glass_drunk_f20095_4_0"
"853","size_of_white_wine_glass_drunk_f20095_4_1"
"854","size_of_white_wine_glass_drunk_f20095_4_2"
"855","size_of_red_wine_glass_drunk_f20096_0_0"
"856","size_of_red_wine_glass_drunk_f20096_0_1"
"857","size_of_red_wine_glass_drunk_f20096_1_0"
"858","size_of_red_wine_glass_drunk_f20096_1_1"
"859","size_of_red_wine_glass_drunk_f20096_2_0"
"860","size_of_red_wine_glass_drunk_f20096_2_1"
"861","size_of_red_wine_glass_drunk_f20096_3_0"
"862","size_of_red_wine_glass_drunk_f20096_3_1"
"863","size_of_red_wine_glass_drunk_f20096_4_0"
"864","size_of_red_wine_glass_drunk_f20096_4_1"
"865","size_of_rose_wine_glass_drunk_f20097_0_0"
"866","size_of_rose_wine_glass_drunk_f20097_0_1"
"867","size_of_rose_wine_glass_drunk_f20097_1_0"
"868","size_of_rose_wine_glass_drunk_f20097_1_1"
"869","size_of_rose_wine_glass_drunk_f20097_2_0"
"870","size_of_rose_wine_glass_drunk_f20097_2_1"
"871","size_of_rose_wine_glass_drunk_f20097_3_0"
"872","size_of_rose_wine_glass_drunk_f20097_3_1"
"873","size_of_rose_wine_glass_drunk_f20097_4_0"
"874","size_of_rose_wine_glass_drunk_f20097_4_1"
"875","smoking_status_f20116_0_0"
"876","smoking_status_f20116_1_0"
"877","smoking_status_f20116_2_0"
"878","smoking_status_f20116_3_0"
"879","alcohol_drinker_status_f20117_0_0"
"880","alcohol_drinker_status_f20117_1_0"
"881","alcohol_drinker_status_f20117_2_0"
"882","alcohol_drinker_status_f20117_3_0"
"883","bipolar_disorder_status_f20122_0_0"
"884","single_episode_of_probable_major_depression_f20123_0_0"
"885","probable_recurrent_major_depression_moderate_f20124_0_0"
"886","probable_recurrent_major_depression_severe_f20125_0_0"
"887","bipolar_and_major_depression_status_f20126_0_0"
"888","neuroticism_score_f20127_0_0"
"889","ever_smoked_f20160_0_0"
"890","ever_smoked_f20160_1_0"
"891","ever_smoked_f20160_2_0"
"892","ever_smoked_f20160_3_0"
"893","pack_years_of_smoking_f20161_0_0"
"894","pack_years_of_smoking_f20161_1_0"
"895","pack_years_of_smoking_f20161_2_0"
"896","pack_years_of_smoking_f20161_3_0"
"897","pack_years_adult_smoking_as_proportion_of_life_span_exposed_to_smoking_f20162_0_0"
"898","pack_years_adult_smoking_as_proportion_of_life_span_exposed_to_smoking_f20162_1_0"
"899","pack_years_adult_smoking_as_proportion_of_life_span_exposed_to_smoking_f20162_2_0"
"900","pack_years_adult_smoking_as_proportion_of_life_span_exposed_to_smoking_f20162_3_0"
"901","amount_of_alcohol_drunk_on_a_typical_drinking_day_f20403_0_0"
"902","frequency_of_drinking_alcohol_f20414_0_0"
"903","feelings_of_tiredness_during_worst_episode_of_depression_f20449_0_0"
"904","ever_taken_cannabis_f20453_0_0"
"905","maximum_frequency_of_taking_cannabis_f20454_0_0"
"906","age_when_last_took_cannabis_f20455_0_0"
"907","trouble_falling_or_staying_asleep_or_sleeping_too_much_f20517_0_0"
"908","recent_feelings_of_tiredness_or_low_energy_f20519_0_0"
"909","did_your_sleep_change_f20532_0_0"
"910","trouble_falling_asleep_f20533_0_0"
"911","sleeping_too_much_f20534_0_0"
"912","waking_too_early_f20535_0_0"
"913","activities_undertaken_to_treat_depression_f20547_0_1"
"914","activities_undertaken_to_treat_depression_f20547_0_2"
"915","ethnic_background_f21000_0_0"
"916","ethnic_background_f21000_1_0"
"917","ethnic_background_f21000_2_0"
"918","body_mass_index_bmi_f21001_0_0"
"919","body_mass_index_bmi_f21001_1_0"
"920","body_mass_index_bmi_f21001_2_0"
"921","body_mass_index_bmi_f21001_3_0"
"922","weight_f21002_0_0"
"923","weight_f21002_1_0"
"924","weight_f21002_2_0"
"925","weight_f21002_3_0"
"926","age_at_recruitment_f21022_0_0"
"927","degree_bothered_by_trouble_sleeping_in_the_last_3_months_f21061_0_0"
"928","ipaq_activity_group_f22032_0_0"
"929","summed_days_activity_f22033_0_0"
"930","summed_minutes_activity_f22034_0_0"
"931","above_moderatevigorous_recommendation_f22035_0_0"
"932","above_moderatevigorouswalking_recommendation_f22036_0_0"
"933","met_minutes_per_week_for_walking_f22037_0_0"
"934","met_minutes_per_week_for_moderate_activity_f22038_0_0"
"935","met_minutes_per_week_for_vigorous_activity_f22039_0_0"
"936","weight_f23098_0_0"
"937","weight_f23098_1_0"
"938","weight_f23098_2_0"
"939","weight_f23098_3_0"
"940","body_fat_percentage_f23099_0_0"
"941","body_fat_percentage_f23099_1_0"
"942","body_fat_percentage_f23099_2_0"
"943","body_fat_percentage_f23099_3_0"
"944","whole_body_fat_mass_f23100_0_0"
"945","whole_body_fat_mass_f23100_1_0"
"946","whole_body_fat_mass_f23100_2_0"
"947","whole_body_fat_mass_f23100_3_0"
"948","whole_body_fatfree_mass_f23101_0_0"
"949","whole_body_fatfree_mass_f23101_1_0"
"950","whole_body_fatfree_mass_f23101_2_0"
"951","whole_body_fatfree_mass_f23101_3_0"
"952","whole_body_water_mass_f23102_0_0"
"953","whole_body_water_mass_f23102_1_0"
"954","whole_body_water_mass_f23102_2_0"
"955","whole_body_water_mass_f23102_3_0"
"956","body_mass_index_bmi_f23104_0_0"
"957","body_mass_index_bmi_f23104_1_0"
"958","body_mass_index_bmi_f23104_2_0"
"959","body_mass_index_bmi_f23104_3_0"
"960","leg_fat_percentage_right_f23111_0_0"
"961","leg_fat_percentage_right_f23111_1_0"
"962","leg_fat_percentage_right_f23111_2_0"
"963","leg_fat_percentage_right_f23111_3_0"
"964","leg_fat_mass_right_f23112_0_0"
"965","leg_fat_mass_right_f23112_1_0"
"966","leg_fat_mass_right_f23112_2_0"
"967","leg_fat_mass_right_f23112_3_0"
"968","leg_fatfree_mass_right_f23113_0_0"
"969","leg_fatfree_mass_right_f23113_1_0"
"970","leg_fatfree_mass_right_f23113_2_0"
"971","leg_fatfree_mass_right_f23113_3_0"
"972","leg_predicted_mass_right_f23114_0_0"
"973","leg_predicted_mass_right_f23114_1_0"
"974","leg_predicted_mass_right_f23114_2_0"
"975","leg_predicted_mass_right_f23114_3_0"
"976","leg_fat_percentage_left_f23115_0_0"
"977","leg_fat_percentage_left_f23115_1_0"
"978","leg_fat_percentage_left_f23115_2_0"
"979","leg_fat_percentage_left_f23115_3_0"
"980","leg_fat_mass_left_f23116_0_0"
"981","leg_fat_mass_left_f23116_1_0"
"982","leg_fat_mass_left_f23116_2_0"
"983","leg_fat_mass_left_f23116_3_0"
"984","leg_fatfree_mass_left_f23117_0_0"
"985","leg_fatfree_mass_left_f23117_1_0"
"986","leg_fatfree_mass_left_f23117_2_0"
"987","leg_fatfree_mass_left_f23117_3_0"
"988","leg_predicted_mass_left_f23118_0_0"
"989","leg_predicted_mass_left_f23118_1_0"
"990","leg_predicted_mass_left_f23118_2_0"
"991","leg_predicted_mass_left_f23118_3_0"
"992","arm_fat_percentage_right_f23119_0_0"
"993","arm_fat_percentage_right_f23119_1_0"
"994","arm_fat_percentage_right_f23119_2_0"
"995","arm_fat_percentage_right_f23119_3_0"
"996","arm_fat_mass_right_f23120_0_0"
"997","arm_fat_mass_right_f23120_1_0"
"998","arm_fat_mass_right_f23120_2_0"
"999","arm_fat_mass_right_f23120_3_0"
"1000","arm_fatfree_mass_right_f23121_0_0"
"1001","arm_fatfree_mass_right_f23121_1_0"
"1002","arm_fatfree_mass_right_f23121_2_0"
"1003","arm_fatfree_mass_right_f23121_3_0"
"1004","arm_predicted_mass_right_f23122_0_0"
"1005","arm_predicted_mass_right_f23122_1_0"
"1006","arm_predicted_mass_right_f23122_2_0"
"1007","arm_predicted_mass_right_f23122_3_0"
"1008","arm_fat_percentage_left_f23123_0_0"
"1009","arm_fat_percentage_left_f23123_1_0"
"1010","arm_fat_percentage_left_f23123_2_0"
"1011","arm_fat_percentage_left_f23123_3_0"
"1012","arm_fat_mass_left_f23124_0_0"
"1013","arm_fat_mass_left_f23124_1_0"
"1014","arm_fat_mass_left_f23124_2_0"
"1015","arm_fat_mass_left_f23124_3_0"
"1016","arm_fatfree_mass_left_f23125_0_0"
"1017","arm_fatfree_mass_left_f23125_1_0"
"1018","arm_fatfree_mass_left_f23125_2_0"
"1019","arm_fatfree_mass_left_f23125_3_0"
"1020","arm_predicted_mass_left_f23126_0_0"
"1021","arm_predicted_mass_left_f23126_1_0"
"1022","arm_predicted_mass_left_f23126_2_0"
"1023","arm_predicted_mass_left_f23126_3_0"
"1024","trunk_fat_percentage_f23127_0_0"
"1025","trunk_fat_percentage_f23127_1_0"
"1026","trunk_fat_percentage_f23127_2_0"
"1027","trunk_fat_percentage_f23127_3_0"
"1028","trunk_fat_mass_f23128_0_0"
"1029","trunk_fat_mass_f23128_1_0"
"1030","trunk_fat_mass_f23128_2_0"
"1031","trunk_fat_mass_f23128_3_0"
"1032","trunk_fatfree_mass_f23129_0_0"
"1033","trunk_fatfree_mass_f23129_1_0"
"1034","trunk_fatfree_mass_f23129_2_0"
"1035","trunk_fatfree_mass_f23129_3_0"
"1036","trunk_predicted_mass_f23130_0_0"
"1037","trunk_predicted_mass_f23130_1_0"
"1038","trunk_predicted_mass_f23130_2_0"
"1039","trunk_predicted_mass_f23130_3_0"
"1040","date_of_all_cause_parkinsonism_report_f42030_0_0"
"1041","source_of_all_cause_parkinsonism_report_f42031_0_0"
"1042","date_of_parkinsons_disease_report_f42032_0_0"
"1043","source_of_parkinsons_disease_report_f42033_0_0"
"1044","date_of_progressive_supranuclear_palsy_report_f42034_0_0"
"1045","source_of_progressive_supranuclear_palsy_report_f42035_0_0"
"1046","date_of_multiple_system_atrophy_report_f42036_0_0"
"1047","source_of_multiple_system_atrophy_report_f42037_0_0"
"1048","acceleration_data_cwa_format_f90001_0_0"
"1049","acceleration_data_cwa_format_f90001_1_0"
"1050","acceleration_data_cwa_format_f90001_2_0"
"1051","acceleration_data_cwa_format_f90001_3_0"
"1052","acceleration_data_cwa_format_f90001_4_0"
"1053","data_problem_indicator_f90002_0_0"
"1054","start_of_requested_wear_period_f90003_0_0"
"1055","acceleration_intensity_timeseries_f90004_0_0"
"1056","start_time_of_wear_f90010_0_0"
"1057","end_time_of_wear_f90011_0_0"
"1058","overall_acceleration_average_f90012_0_0"
"1059","standard_deviation_of_acceleration_f90013_0_0"
"1060","data_quality_good_wear_time_f90015_0_0"
"1061","data_quality_good_calibration_f90016_0_0"
"1062","data_quality_calibrated_on_own_data_f90017_0_0"
"1063","daylight_savings_crossover_f90018_0_0"
"1064","monday_average_acceleration_f90019_0_0"
"1065","tuesday_average_acceleration_f90020_0_0"
"1066","wednesday_average_acceleration_f90021_0_0"
"1067","thursday_average_acceleration_f90022_0_0"
"1068","friday_average_acceleration_f90023_0_0"
"1069","saturday_average_acceleration_f90024_0_0"
"1070","sunday_average_acceleration_f90025_0_0"
"1071","first_weekday_of_wear_f90026_0_0"
"1072","average_acceleration_0000_0059_f90027_0_0"
"1073","average_acceleration_0100_0159_f90028_0_0"
"1074","average_acceleration_0200_0259_f90029_0_0"
"1075","average_acceleration_0300_0359_f90030_0_0"
"1076","average_acceleration_0400_0459_f90031_0_0"
"1077","average_acceleration_0500_0559_f90032_0_0"
"1078","average_acceleration_0600_0659_f90033_0_0"
"1079","average_acceleration_0700_0759_f90034_0_0"
"1080","average_acceleration_0800_0859_f90035_0_0"
"1081","average_acceleration_0900_0959_f90036_0_0"
"1082","average_acceleration_1000_1059_f90037_0_0"
"1083","average_acceleration_1100_1159_f90038_0_0"
"1084","average_acceleration_1200_1259_f90039_0_0"
"1085","average_acceleration_1300_1359_f90040_0_0"
"1086","average_acceleration_1400_1459_f90041_0_0"
"1087","average_acceleration_1500_1559_f90042_0_0"
"1088","average_acceleration_1600_1659_f90043_0_0"
"1089","average_acceleration_1700_1759_f90044_0_0"
"1090","average_acceleration_1800_1859_f90045_0_0"
"1091","average_acceleration_1900_1959_f90046_0_0"
"1092","average_acceleration_2000_2059_f90047_0_0"
"1093","average_acceleration_2100_2159_f90048_0_0"
"1094","average_acceleration_2200_2259_f90049_0_0"
"1095","average_acceleration_2300_2359_f90050_0_0"
"1096","wear_duration_overall_f90051_0_0"
"1097","non_wear_duration_overall_f90052_0_0"
"1098","wear_duration_during_monday_f90053_0_0"
"1099","wear_duration_during_tuesday_f90054_0_0"
"1100","wear_duration_during_wednesday_f90055_0_0"
"1101","wear_duration_during_thursday_f90056_0_0"
"1102","wear_duration_during_friday_f90057_0_0"
"1103","wear_duration_during_saturday_f90058_0_0"
"1104","wear_duration_during_sunday_f90059_0_0"
"1105","wear_duration_during_0000_0059_f90060_0_0"
"1106","wear_duration_during_0100_0159_f90061_0_0"
"1107","wear_duration_during_0200_0259_f90062_0_0"
"1108","wear_duration_during_0300_0359_f90063_0_0"
"1109","wear_duration_during_0400_0459_f90064_0_0"
"1110","wear_duration_during_0500_0559_f90065_0_0"
"1111","wear_duration_during_0600_0659_f90066_0_0"
"1112","wear_duration_during_0700_0759_f90067_0_0"
"1113","wear_duration_during_0800_0859_f90068_0_0"
"1114","wear_duration_during_0900_0959_f90069_0_0"
"1115","wear_duration_during_1000_1059_f90070_0_0"
"1116","wear_duration_during_1100_1159_f90071_0_0"
"1117","wear_duration_during_1200_1259_f90072_0_0"
"1118","wear_duration_during_1300_1359_f90073_0_0"
"1119","wear_duration_during_1400_1459_f90074_0_0"
"1120","wear_duration_during_1500_1559_f90075_0_0"
"1121","wear_duration_during_1600_1659_f90076_0_0"
"1122","wear_duration_during_1700_1759_f90077_0_0"
"1123","wear_duration_during_1800_1859_f90078_0_0"
"1124","wear_duration_during_1900_1959_f90079_0_0"
"1125","wear_duration_during_2000_2059_f90080_0_0"
"1126","wear_duration_during_2100_2159_f90081_0_0"
"1127","wear_duration_during_2200_2259_f90082_0_0"
"1128","wear_duration_during_2300_2359_f90083_0_0"
"1129","unique_hours_of_wear_in_a_24_hour_cycle_scattered_over_multiple_days_f90084_0_0"
"1130","unique_minutes_of_wear_in_a_24_hour_cycle_scattered_over_multiple_days_f90085_0_0"
"1131","non_wear_episodes_over_1_hour_duration_f90086_0_0"
"1132","nowear_time_bias_adjusted_average_acceleration_f90087_0_0"
"1133","nowear_time_bias_adjusted_acceleration_standard_deviation_f90088_0_0"
"1134","nowear_time_bias_adjusted_acceleration_median_f90089_0_0"
"1135","nowear_time_bias_adjusted_acceleration_minimum_f90090_0_0"
"1136","nowear_time_bias_adjusted_acceleration_maximum_f90091_0_0"
"1137","fraction_acceleration_1_milligravities_f90092_0_0"
"1138","fraction_acceleration_2_milligravities_f90093_0_0"
"1139","fraction_acceleration_3_milligravities_f90094_0_0"
"1140","fraction_acceleration_4_milligravities_f90095_0_0"
"1141","fraction_acceleration_5_milligravities_f90096_0_0"
"1142","fraction_acceleration_6_milligravities_f90097_0_0"
"1143","fraction_acceleration_7_milligravities_f90098_0_0"
"1144","fraction_acceleration_8_milligravities_f90099_0_0"
"1145","fraction_acceleration_9_milligravities_f90100_0_0"
"1146","fraction_acceleration_10_milligravities_f90101_0_0"
"1147","fraction_acceleration_11_milligravities_f90102_0_0"
"1148","fraction_acceleration_12_milligravities_f90103_0_0"
"1149","fraction_acceleration_13_milligravities_f90104_0_0"
"1150","fraction_acceleration_14_milligravities_f90105_0_0"
"1151","fraction_acceleration_15_milligravities_f90106_0_0"
"1152","fraction_acceleration_16_milligravities_f90107_0_0"
"1153","fraction_acceleration_17_milligravities_f90108_0_0"
"1154","fraction_acceleration_18_milligravities_f90109_0_0"
"1155","fraction_acceleration_19_milligravities_f90110_0_0"
"1156","fraction_acceleration_20_milligravities_f90111_0_0"
"1157","fraction_acceleration_25_milligravities_f90112_0_0"
"1158","fraction_acceleration_30_milligravities_f90113_0_0"
"1159","fraction_acceleration_35_milligravities_f90114_0_0"
"1160","fraction_acceleration_40_milligravities_f90115_0_0"
"1161","fraction_acceleration_45_milligravities_f90116_0_0"
"1162","fraction_acceleration_50_milligravities_f90117_0_0"
"1163","fraction_acceleration_55_milligravities_f90118_0_0"
"1164","fraction_acceleration_60_milligravities_f90119_0_0"
"1165","fraction_acceleration_65_milligravities_f90120_0_0"
"1166","fraction_acceleration_70_milligravities_f90121_0_0"
"1167","fraction_acceleration_75_milligravities_f90122_0_0"
"1168","fraction_acceleration_80_milligravities_f90123_0_0"
"1169","fraction_acceleration_85_milligravities_f90124_0_0"
"1170","fraction_acceleration_90_milligravities_f90125_0_0"
"1171","fraction_acceleration_95_milligravities_f90126_0_0"
"1172","fraction_acceleration_100_milligravities_f90127_0_0"
"1173","fraction_acceleration_125_milligravities_f90128_0_0"
"1174","fraction_acceleration_150_milligravities_f90129_0_0"
"1175","fraction_acceleration_175_milligravities_f90130_0_0"
"1176","fraction_acceleration_200_milligravities_f90131_0_0"
"1177","fraction_acceleration_225_milligravities_f90132_0_0"
"1178","fraction_acceleration_250_milligravities_f90133_0_0"
"1179","fraction_acceleration_275_milligravities_f90134_0_0"
"1180","fraction_acceleration_300_milligravities_f90135_0_0"
"1181","fraction_acceleration_325_milligravities_f90136_0_0"
"1182","fraction_acceleration_350_milligravities_f90137_0_0"
"1183","fraction_acceleration_375_milligravities_f90138_0_0"
"1184","fraction_acceleration_400_milligravities_f90139_0_0"
"1185","fraction_acceleration_425_milligravities_f90140_0_0"
"1186","fraction_acceleration_450_milligravities_f90141_0_0"
"1187","fraction_acceleration_475_milligravities_f90142_0_0"
"1188","fraction_acceleration_500_milligravities_f90143_0_0"
"1189","fraction_acceleration_600_milligravities_f90144_0_0"
"1190","fraction_acceleration_700_milligravities_f90145_0_0"
"1191","fraction_acceleration_800_milligravities_f90146_0_0"
"1192","fraction_acceleration_900_milligravities_f90147_0_0"
"1193","fraction_acceleration_1000_milligravities_f90148_0_0"
"1194","fraction_acceleration_1100_milligravities_f90149_0_0"
"1195","fraction_acceleration_1200_milligravities_f90150_0_0"
"1196","fraction_acceleration_1300_milligravities_f90151_0_0"
"1197","fraction_acceleration_1400_milligravities_f90152_0_0"
"1198","fraction_acceleration_1500_milligravities_f90153_0_0"
"1199","fraction_acceleration_1600_milligravities_f90154_0_0"
"1200","fraction_acceleration_1700_milligravities_f90155_0_0"
"1201","fraction_acceleration_1800_milligravities_f90156_0_0"
"1202","fraction_acceleration_1900_milligravities_f90157_0_0"
"1203","fraction_acceleration_2000_milligravities_f90158_0_0"
"1204","error_tolerance_before_calibration_f90159_0_0"
"1205","error_tolerance_after_calibration_f90160_0_0"
"1206","calibration_coefficients_x_offset_f90161_0_0"
"1207","calibration_coefficients_y_offset_f90162_0_0"
"1208","calibration_coefficients_z_offset_f90163_0_0"
"1209","calibration_coefficients_x_slope_f90164_0_0"
"1210","calibration_coefficients_y_slope_f90165_0_0"
"1211","calibration_coefficients_z_slope_f90166_0_0"
"1212","calibration_coefficients_x_temp_f90167_0_0"
"1213","calibration_coefficients_y_temp_f90168_0_0"
"1214","calibration_coefficients_z_temp_f90169_0_0"
"1215","calibration_coefficients_mean_temperature_f90170_0_0"
"1216","calibration_number_of_static_points_f90171_0_0"
"1217","calibration_minimum_x_stationary_value_f90172_0_0"
"1218","calibration_maximum_x_stationary_value_f90173_0_0"
"1219","calibration_minimum_y_stationary_value_f90174_0_0"
"1220","calibration_maximum_y_stationary_value_f90175_0_0"
"1221","calibration_minimum_z_stationary_value_f90176_0_0"
"1222","calibration_maximum_z_stationary_value_f90177_0_0"
"1223","device_id_f90179_0_0"
"1224","interrupted_recording_periods_f90180_0_0"
"1225","duration_of_interrupted_recording_periods_f90181_0_0"
"1226","data_recording_errors_f90182_0_0"
"1227","readings_exceeding_8_gravities_before_calibration_f90183_0_0"
"1228","maximum_readings_exceeding_8_gravities_before_calibration_in_a_5_second_epoch_f90184_0_0"
"1229","readings_exceeding_8_gravities_after_calibration_f90185_0_0"
"1230","maximum_readings_exceeding_8_gravities_after_calibration_in_a_5_second_epoch_f90186_0_0"
"1231","total_data_readings_f90187_0_0"
"1232","sample_rate_average_f90188_0_0"
"1233","sample_rate_standard_deviation_f90189_0_0"
"1234","sample_rate_minimum_f90190_0_0"
"1235","sample_rate_maximum_f90191_0_0"
"1236","temperature_average_f90192_0_0"
"1237","temperature_standard_deviation_f90193_0_0"
"1238","temperature_minimum_f90194_0_0"
"1239","temperature_maximum_f90195_0_0"
"1240","alcohol_consumed_f100580_0_0"
"1241","alcohol_consumed_f100580_1_0"
"1242","alcohol_consumed_f100580_2_0"
"1243","alcohol_consumed_f100580_3_0"
"1244","alcohol_consumed_f100580_4_0"
"1245","red_wine_intake_f100590_0_0"
"1246","red_wine_intake_f100590_1_0"
"1247","red_wine_intake_f100590_2_0"
"1248","red_wine_intake_f100590_3_0"
"1249","red_wine_intake_f100590_4_0"
"1250","rose_wine_intake_f100630_0_0"
"1251","rose_wine_intake_f100630_1_0"
"1252","rose_wine_intake_f100630_2_0"
"1253","rose_wine_intake_f100630_3_0"
"1254","rose_wine_intake_f100630_4_0"
"1255","white_wine_intake_f100670_0_0"
"1256","white_wine_intake_f100670_1_0"
"1257","white_wine_intake_f100670_2_0"
"1258","white_wine_intake_f100670_3_0"
"1259","white_wine_intake_f100670_4_0"
"1260","beercider_intake_f100710_0_0"
"1261","beercider_intake_f100710_1_0"
"1262","beercider_intake_f100710_2_0"
"1263","beercider_intake_f100710_3_0"
"1264","beercider_intake_f100710_4_0"
"1265","fortified_wine_intake_f100720_0_0"
"1266","fortified_wine_intake_f100720_1_0"
"1267","fortified_wine_intake_f100720_2_0"
"1268","fortified_wine_intake_f100720_3_0"
"1269","fortified_wine_intake_f100720_4_0"
"1270","spirits_intake_f100730_0_0"
"1271","spirits_intake_f100730_1_0"
"1272","spirits_intake_f100730_2_0"
"1273","spirits_intake_f100730_3_0"
"1274","spirits_intake_f100730_4_0"
"1275","other_alcohol_intake_f100740_0_0"
"1276","other_alcohol_intake_f100740_1_0"
"1277","other_alcohol_intake_f100740_2_0"
"1278","other_alcohol_intake_f100740_3_0"
"1279","other_alcohol_intake_f100740_4_0"
"1280","time_spent_doing_vigorous_physical_activity_f104900_0_0"
"1281","time_spent_doing_vigorous_physical_activity_f104900_1_0"
"1282","time_spent_doing_vigorous_physical_activity_f104900_2_0"
"1283","time_spent_doing_vigorous_physical_activity_f104900_3_0"
"1284","time_spent_doing_vigorous_physical_activity_f104900_4_0"
"1285","time_spent_doing_moderate_physical_activity_f104910_0_0"
"1286","time_spent_doing_moderate_physical_activity_f104910_1_0"
"1287","time_spent_doing_moderate_physical_activity_f104910_2_0"
"1288","time_spent_doing_moderate_physical_activity_f104910_3_0"
"1289","time_spent_doing_moderate_physical_activity_f104910_4_0"
"1290","time_spent_doing_light_physical_activity_f104920_0_0"
"1291","time_spent_doing_light_physical_activity_f104920_1_0"
"1292","time_spent_doing_light_physical_activity_f104920_2_0"
"1293","time_spent_doing_light_physical_activity_f104920_3_0"
"1294","time_spent_doing_light_physical_activity_f104920_4_0"
"1295","invitation_to_physical_activity_study_acceptance_f110005_0_0"
"1296","invitation_to_physical_activity_study_date_sent_f110006_0_0"
